{"web":{"client_id":"153230217988-j17rtl2ov5t5ph8v3vlc55a2prthr0bj.apps.googleusercontent.com","project_id":"clipse-164009","auth_uri":"https://accounts.google.com/o/oauth2/auth","token_uri":"https://accounts.google.com/o/oauth2/token","auth_provider_x509_cert_url":"https://www.googleapis.com/oauth2/v1/certs","client_secret":"9JVg308NDJvi1bTymsoGVChS","redirect_uris":["http://localhost:5000/callback/google","https://localhost:5000/callback/google","http://yeshu.clipse.ai:5000/callback/google"],"javascript_origins":["http://localhost:5000","https://localhost:5000","http://yeshu.clipse.ai:5000"]}}